1,1,1,آذرشهر
2,1,1,تیمورلو
3,1,1,گوگان
4,1,1,ممقان
5,1,2,اسکو
6,1,2,ایلخچی
7,1,2,سهند
8,1,3,اهر
9,1,3,هوراند
10,1,4,بستان آباد
11,1,4,تیکمه داش
12,1,5,بناب
13,1,6,باسمنج
14,1,6,تبریز
15,1,6,خسروشاه
16,1,6,سردرود
17,1,7,جلفا
18,1,7,سیه رود
19,1,7,هادیشهر
20,1,8,قره آغاج
21,1,9,خمارلو
22,1,10,دوزدوزان
23,1,10,سراب
24,1,10,شربیان
25,1,10,مهربان
26,1,11,تسوج
27,1,11,خامنه
28,1,11,سیس
29,1,11,شبستر
30,1,11,شرفخانه
31,1,11,شندآباد
32,1,11,صوفیان
33,1,11,کوزه کنان
34,1,11,وایقان
35,1,12,جوان قلعه
36,1,12,عجب شیر
37,1,13,آبش احمد
38,1,13,کلیبر
39,1,14,خداجو(خراجو)
40,1,14,مراغه
41,1,15,بناب مرند
42,1,15,زنوز
43,1,15,کشکسرای
44,1,15,مرند
45,1,15,یامچی
46,1,16,لیلان
47,1,16,مبارک شهر
48,1,16,ملکان
49,1,17,آقکند
50,1,17,اچاچی
51,1,17,ترک
52,1,17,ترکمانچای
53,1,17,میانه
54,1,18,خاروانا
55,1,18,ورزقان
56,1,19,بخشایش
57,1,19,خواجه
58,1,19,زرنق
59,1,19,کلوانق
60,1,19,هریس
61,1,20,نظرکهریزی
62,1,20,هشترود
63,2,21,ارومیه
64,2,21,سرو
65,2,21,سیلوانه
66,2,21,قوشچی
67,2,21,نوشین
68,2,22,اشنویه
69,2,22,نالوس
70,2,23,بوکان
71,2,23,سیمینه
72,2,24,پلدشت
73,2,24,نازک علیا
74,2,25,پیرانشهر
75,2,25,گردکشانه
76,2,26,تکاب
77,2,27,آواجیق
78,2,27,سیه چشمه
79,2,28,قره ضیاءالدین
80,2,29,ایواوغلی
81,2,29,خوی
82,2,29,دیزج دیز
83,2,29,زرآباد
84,2,29,فیرورق
85,2,29,قطور
86,2,30,ربط
87,2,30,سردشت
88,2,30,میرآباد
89,2,31,تازه شهر
90,2,31,سلماس
91,2,32,شاهین دژ
92,2,32,کشاورز
93,2,32,محمودآباد
94,2,33,شوط
95,2,33,مرگنلر
96,2,34,بازرگان
97,2,34,ماکو
98,2,35,خلیفان
99,2,35,مهاباد
100,2,36,باروق
101,2,36,چهاربرج
102,2,36,میاندوآب
103,2,37,محمدیار
104,2,37,نقده
105,3,38,اردبیل
106,3,38,هیر
107,3,39,بیله سوار
108,3,39,جعفرآباد
109,3,40,اسلام اباد
110,3,40,اصلاندوز
111,3,40,پارس آباد
112,3,40,تازه کند
113,3,41,خلخال
114,3,41,کلور
115,3,41,هشتجین
116,3,42,سرعین
117,3,43,گیوی
118,3,44,تازه کندانگوت
119,3,44,گرمی
120,3,45,رضی
121,3,45,فخراباد
122,3,45,قصابه
123,3,45,لاهرود
124,3,45,مرادلو
125,3,45,مشگین شهر
126,3,46,آبی بیگلو
127,3,46,عنبران
128,3,46,نمین
129,3,47,کوراییم
130,3,47,نیر
131,4,48,آران وبیدگل
132,4,48,ابوزیدآباد
133,4,48,سفیدشهر
134,4,48,نوش آباد
135,4,49,اردستان
136,4,49,زواره
137,4,49,مهاباد
138,4,50,اژیه
139,4,50,اصفهان
140,4,50,بهارستان
141,4,50,تودشک
142,4,50,حسن اباد
143,4,50,زیار
144,4,50,سجزی
145,4,50,قهجاورستان
146,4,50,کوهپایه
147,4,50,محمدآباد
148,4,50,نصرآباد
149,4,50,نیک آباد
150,4,50,ورزنه
151,4,50,هرند
152,4,51,حبیب آباد
153,4,51,خورزوق
154,4,51,دستگرد
155,4,51,دولت آباد
156,4,51,سین
157,4,51,شاپورآباد
158,4,51,کمشچه
159,4,52,افوس
160,4,52,بویین ومیاندشت
161,4,53,تیران
162,4,53,رضوانشهر
163,4,53,عسگران
164,4,54,چادگان
165,4,54,رزوه
166,4,55,اصغرآباد
167,4,55,خمینی شهر
168,4,55,درچه
169,4,55,کوشک
170,4,56,خوانسار
171,4,57,جندق
172,4,57,خور
173,4,57,فرخی
174,4,58,دهاقان
175,4,58,گلشن
176,4,59,حنا
177,4,59,سمیرم
178,4,59,کمه
179,4,59,ونک
180,4,60,شاهین شهر
181,4,60,گرگاب
182,4,60,گزبرخوار
183,4,60,لای بید
184,4,60,میمه
185,4,60,وزوان
186,4,61,شهرضا
187,4,61,منظریه
188,4,62,داران
189,4,62,دامنه
190,4,63,برف انبار
191,4,63,فریدونشهر
192,4,64,ابریشم
193,4,64,ایمانشهر
194,4,64,بهاران شهر
195,4,64,پیربکران
196,4,64,زازران
197,4,64,فلاورجان
198,4,64,قهدریجان
199,4,64,کلیشادوسودرجان
200,4,65,برزک
201,4,65,جوشقان قالی
202,4,65,قمصر
203,4,65,کاشان
204,4,65,کامو و چوگان
205,4,65,مشکات
206,4,65,نیاسر
207,4,66,گلپایگان
208,4,66,گلشهر
209,4,66,گوگد
210,4,67,باغ بهادران
211,4,67,باغشاد
212,4,67,چرمهین
213,4,67,چمگردان
214,4,67,زاینده رود
215,4,67,زرین شهر
216,4,67,سده لنجان
217,4,67,فولادشهر
218,4,67,ورنامخواست
219,4,68,دیزیچه
220,4,68,زیباشهر
221,4,68,طالخونچه
222,4,68,کرکوند
223,4,68,مبارکه
224,4,68,مجلسی
225,4,69,انارک
226,4,69,بافران
227,4,69,نایین
228,4,70,جوزدان
229,4,70,دهق
230,4,70,علویجه
231,4,70,کهریزسنگ
232,4,70,گلدشت
233,4,70,نجف آباد
234,4,71,بادرود
235,4,71,خالدآباد
236,4,71,طرق رود
237,4,71,نطنز
238,5,72,اشتهارد
239,5,73,چهارباغ
240,5,73,شهرجدیدهشتگرد
241,5,73,کوهسار
242,5,73,گلسار
243,5,73,هشتگرد
244,5,74,طالقان
245,5,75,فردیس
246,5,75,مشکین دشت
247,5,76,آسارا
248,5,76,کرج
249,5,76,کمال شهر
250,5,76,گرمدره
251,5,76,ماهدشت
252,5,76,محمدشهر
253,5,77,تنکمان
254,5,77,نظرآباد
255,6,78,آبدانان
256,6,78,سراب باغ
257,6,78,مورموری
258,6,79,ایلام
259,6,79,چوار
260,6,80,ایوان
261,6,80,زرنه
262,6,81,بدره
263,6,82,آسمان آباد
264,6,82,بلاوه
265,6,82,توحید
266,6,82,سرابله
267,6,82,شباب
268,6,83,دره شهر
269,6,83,ماژین
270,6,84,پهله
271,6,84,دهلران
272,6,84,موسیان
273,6,84,میمه
274,6,85,لومار
275,6,86,ارکواز
276,6,86,دلگشا
277,6,86,مهر
278,6,87,صالح آباد
279,6,87,مهران
280,7,88,بوشهر
281,7,88,چغادک
282,7,88,خارک
283,7,88,عالی شهر
284,7,89,آباد
285,7,89,اهرم
286,7,89,دلوار
287,7,90,انارستان
288,7,90,جم
289,7,90,ریز
290,7,91,آب پخش
291,7,91,برازجان
292,7,91,بوشکان
293,7,91,تنگ ارم
294,7,91,دالکی
295,7,91,سعد آباد
296,7,91,شبانکاره
297,7,91,کلمه
298,7,91,وحدتیه
299,7,92,بادوله
300,7,92,خورموج
301,7,92,شنبه
302,7,92,کاکی
303,7,93,آبدان
304,7,93,بردخون
305,7,93,بردستان
306,7,93,بندردیر
307,7,93,دوراهک
308,7,94,امام حسن
309,7,94,بندردیلم
310,7,95,عسلویه
311,7,95,نخل تقی
312,7,96,بندرکنگان
313,7,96,بنک
314,7,96,سیراف
315,7,97,بندرریگ
316,7,97,بندرگناوه
317,8,98,احمد آباد مستوفی
318,8,98,اسلامشهر
319,8,98,چهاردانگه
320,8,99,صالحیه
321,8,99,گلستان
322,8,99,نسیم شهر
323,8,100,پاکدشت
324,8,100,شریف آباد
325,8,100,فرون اباد
326,8,101,بومهن
327,8,101,پردیس
328,8,102,پیشوا
329,8,103,تهران
330,8,104,آبسرد
331,8,104,آبعلی
332,8,104,دماوند
333,8,104,رودهن
334,8,104,کیلان
335,8,105,پرند
336,8,105,رباطکریم
337,8,105,نصیرشهر
338,8,106,باقرشهر
339,8,106,حسن آباد
340,8,106,ری
341,8,106,کهریزک
342,8,107,تجریش
343,8,107,شمشک
344,8,107,فشم
345,8,107,لواسان
346,8,108,اندیشه
347,8,108,باغستان
348,8,108,شاهدشهر
349,8,108,شهریار
350,8,108,صباشهر
351,8,108,فردوسیه
352,8,108,وحیدیه
353,8,109,ارجمند
354,8,109,فیروزکوه
355,8,110,قدس
356,8,111,قرچک
357,8,112,صفادشت
358,8,112,ملارد
359,8,113,جوادآباد
360,8,113,ورامین
361,9,114,اردل
362,9,114,دشتک
363,9,114,سرخون
364,9,114,کاج
365,9,115,بروجن
366,9,115,بلداجی
367,9,115,سفیددشت
368,9,115,فرادبنه
369,9,115,گندمان
370,9,115,نقنه
371,9,116,بن
372,9,116,وردنجان
373,9,117,سامان
374,9,118,سودجان
375,9,118,سورشجان
376,9,118,شهرکرد
377,9,118,طاقانک
378,9,118,فرخ شهر
379,9,118,کیان
380,9,118,نافچ
381,9,118,هارونی
382,9,118,هفشجان
383,9,119,باباحیدر
384,9,119,پردنجان
385,9,119,جونقان
386,9,119,چلیچه
387,9,119,فارسان
388,9,119,گوجان
389,9,120,بازفت
390,9,120,چلگرد
391,9,120,صمصامی
392,9,121,دستنا
393,9,121,شلمزار
394,9,121,گهرو
395,9,121,ناغان
396,9,122,آلونی
397,9,122,سردشت
398,9,122,لردگان
399,9,122,مال خلیفه
400,9,122,منج
401,10,123,ارسک
402,10,123,بشرویه
403,10,124,بیرجند
404,10,125,خوسف
405,10,125,محمدشهر
406,10,126,اسدیه
407,10,126,طبس مسینا
408,10,126,قهستان
409,10,126,گزیک
410,10,127,حاجی آباد
411,10,127,زهان
412,10,128,آیسک
413,10,128,سرایان
414,10,128,سه قلعه
415,10,129,سربیشه
416,10,129,مود
417,10,130,دیهوک
418,10,130,طبس
419,10,130,عشق آباد
420,10,131,اسلامیه
421,10,131,فردوس
422,10,132,آرین شهر
423,10,132,اسفدن
424,10,132,خضری دشت بیاض
425,10,132,قاین
426,10,132,نیمبلوک
427,10,133,شوسف
428,10,133,نهبندان
429,11,134,باخرز
430,11,135,بجستان
431,11,135,یونسی
432,11,136,انابد
433,11,136,بردسکن
434,11,136,شهراباد
435,11,137,شاندیز
436,11,137,طرقبه
437,11,138,تایباد
438,11,138,کاریز
439,11,138,مشهدریزه
440,11,139,احمدابادصولت
441,11,139,تربت جام
442,11,139,صالح آباد
443,11,139,نصرآباد
444,11,139,نیل شهر
445,11,140,بایک
446,11,140,تربت حیدریه
447,11,140,رباط سنگ
448,11,140,کدکن
449,11,141,جغتای
450,11,142,نقاب
451,11,143,چناران
452,11,143,گلبهار
453,11,143,گلمکان
454,11,144,خلیل آباد
455,11,144,کندر
456,11,145,خواف
457,11,145,سلامی
458,11,145,سنگان
459,11,145,قاسم آباد
460,11,145,نشتیفان
461,11,146,سلطان آباد
462,11,147,داورزن
463,11,148,چاپشلو
464,11,148,درگز
465,11,148,لطف آباد
466,11,148,نوخندان
467,11,149,جنگل
468,11,149,رشتخوار
469,11,150,دولت آباد
470,11,151,روداب
471,11,151,سبزوار
472,11,151,ششتمد
473,11,152,سرخس
474,11,152,مزدآوند
475,11,153,سفیدسنگ
476,11,153,فرهادگرد
477,11,153,فریمان
478,11,153,قلندرآباد
479,11,154,فیروزه
480,11,154,همت آباد
481,11,155,باجگیران
482,11,155,قوچان
483,11,156,ریوش
484,11,156,کاشمر
485,11,157,شهرزو
486,11,157,کلات
487,11,158,بیدخت
488,11,158,کاخک
489,11,158,گناباد
490,11,159,رضویه
491,11,159,مشهد
492,11,159,مشهد ثامن
493,11,159,ملک آباد
494,11,160,شادمهر
495,11,160,فیض آباد
496,11,161,بار
497,11,161,چکنه
498,11,161,خرو
499,11,161,درود
500,11,161,عشق آباد
501,11,161,قدمگاه
502,11,161,نیشابور
503,12,162,اسفراین
504,12,162,صفی آباد
505,12,163,بجنورد
506,12,163,چناران شهر
507,12,163,حصارگرمخان
508,12,164,جاجرم
509,12,164,سنخواست
510,12,164,شوقان
511,12,165,راز
512,12,166,زیارت
513,12,166,شیروان
514,12,166,قوشخانه
515,12,166,لوجلی
516,12,167,تیتکانلو
517,12,167,فاروج
518,12,168,ایور
519,12,168,درق
520,12,168,گرمه
521,12,169,آشخانه
522,12,169,آوا
523,12,169,پیش قلعه
524,12,169,قاضی
525,13,170,آبادان
526,13,170,اروندکنار
527,13,170,چویبده
528,13,171,آغاجاری
529,13,172,امیدیه
530,13,172,جایزان
531,13,173,آبژدان
532,13,173,قلعه خواجه
533,13,174,آزادی
534,13,174,اندیمشک
535,13,174,بیدروبه
536,13,174,چم گلک
537,13,174,حسینیه
538,13,175,الهایی
539,13,175,اهواز
540,13,176,ایذه
541,13,176,دهدز
542,13,177,باغ ملک
543,13,177,صیدون
544,13,177,قلعه تل
545,13,177,میداود
546,13,178,شیبان
547,13,178,ملاثانی
548,13,178,ویس
549,13,179,بندرامام خمینی
550,13,179,بندرماهشهر
551,13,179,چمران
552,13,180,بهبهان
553,13,180,تشان
554,13,180,سردشت
555,13,180,منصوریه
556,13,181,حمیدیه
557,13,182,خرمشهر
558,13,182,مقاومت
559,13,182,مینوشهر
560,13,183,چغامیش
561,13,183,حمزه
562,13,183,دزفول
563,13,183,سالند
564,13,183,سیاه منصور
565,13,183,شمس آباد
566,13,183,شهر امام
567,13,183,صفی آباد
568,13,183,میانرود
569,13,184,ابوحمیظه
570,13,184,بستان
571,13,184,سوسنگرد
572,13,184,کوت سیدنعیم
573,13,185,رامشیر
574,13,185,مشراگه
575,13,186,رامهرمز
576,13,187,خنافره
577,13,187,دارخوین
578,13,187,شادگان
579,13,188,الوان
580,13,188,حر
581,13,188,شاوور
582,13,188,شوش
583,13,188,فتح المبین
584,13,189,سرداران
585,13,189,شرافت
586,13,189,شوشتر
587,13,189,گوریه
588,13,190,کوت عبداله
589,13,191,ترکالکی
590,13,191,جنت مکان
591,13,191,سماله
592,13,191,صالح شهر
593,13,191,گتوند
594,13,192,لالی
595,13,193,گلگیر
596,13,193,مسجدسلیمان
597,13,194,هفتگل
598,13,195,زهره
599,13,195,هندیجان
600,13,196,رفیع
601,13,196,هویزه
602,14,197,ابهر
603,14,197,صایین قلعه
604,14,197,هیدج
605,14,198,حلب
606,14,198,زرین آباد
607,14,199,زرین رود
608,14,199,سجاس
609,14,199,سهرورد
610,14,199,قیدار
611,14,199,کرسف
612,14,199,گرماب
613,14,199,نوربهار
614,14,200,خرمدره
615,14,201,ارمغانخانه
616,14,201,زنجان
617,14,201,نیک پی
618,14,202,سلطانیه
619,14,203,آب بر
620,14,203,چورزق
621,14,204,دندی
622,14,204,ماه نشان
623,15,205,آرادان
624,15,205,کهن آباد
625,15,206,امیریه
626,15,206,دامغان
627,15,206,دیباج
628,15,206,کلاته
629,15,207,سرخه
630,15,208,سمنان
631,15,209,بسطام
632,15,209,بیارجمند
633,15,209,رودیان
634,15,209,شاهرود
635,15,209,کلاته خیج
636,15,209,مجن
637,15,210,ایوانکی
638,15,210,گرمسار
639,15,211,درجزین
640,15,211,شهمیرزاد
641,15,211,مهدی شهر
642,15,212,میامی
643,16,213,ایرانشهر
644,16,213,بزمان
645,16,213,بمپور
646,16,213,محمدان
647,16,214,چابهار
648,16,214,نگور
649,16,215,خاش
650,16,215,نوک آباد
651,16,216,گلمورتی
652,16,217,بنجار
653,16,217,زابل
654,16,218,زاهدان
655,16,218,نصرت آباد
656,16,219,زهک
657,16,220,جالق
658,16,220,سراوان
659,16,220,سیرکان
660,16,220,گشت
661,16,220,محمدی
662,16,221,پیشین
663,16,221,راسک
664,16,221,سرباز
665,16,222,سوران
666,16,222,هیدوچ
667,16,223,فنوج
668,16,224,قصرقند
669,16,225,زرآباد
670,16,225,کنارک
671,16,226,مهرستان
672,16,227,میرجاوه
673,16,228,اسپکه
674,16,228,بنت
675,16,228,نیک شهر
676,16,229,ادیمی
677,16,230,شهرک علی اکبر
678,16,230,محمدآباد
679,16,231,دوست محمد
680,17,232,آباده
681,17,232,ایزدخواست
682,17,232,بهمن
683,17,232,سورمق
684,17,232,صغاد
685,17,233,ارسنجان
686,17,234,استهبان
687,17,234,ایج
688,17,234,رونیز
689,17,235,اقلید
690,17,235,حسن اباد
691,17,235,دژکرد
692,17,235,سده
693,17,236,بوانات
694,17,236,حسامی
695,17,236,کره ای
696,17,236,مزایجان
697,17,237,سعادت شهر
698,17,237,مادرسلیمان
699,17,238,باب انار
700,17,238,جهرم
701,17,238,خاوران
702,17,238,دوزه
703,17,238,قطب آباد
704,17,239,خرامه
705,17,239,سلطان شهر
706,17,240,صفاشهر
707,17,240,قادراباد
708,17,241,خنج
709,17,242,جنت شهر
710,17,242,داراب
711,17,242,دوبرجی
712,17,242,فدامی
713,17,243,کوپن
714,17,243,مصیری
715,17,244,حاجی آباد
716,17,244,دبیران
717,17,244,شهرپیر
718,17,245,اردکان
719,17,245,بیضا
720,17,245,هماشهر
721,17,246,سروستان
722,17,246,کوهنجان
723,17,247,خانه زنیان
724,17,247,داریان
725,17,247,زرقان
726,17,247,شهرصدرا
727,17,247,شیراز
728,17,247,لپویی
729,17,248,دهرم
730,17,248,فراشبند
731,17,248,نوجین
732,17,249,زاهدشهر
733,17,249,ششده
734,17,249,فسا
735,17,249,قره بلاغ
736,17,249,میانشهر
737,17,249,نوبندگان
738,17,250,فیروزآباد
739,17,250,میمند
740,17,251,افزر
741,17,251,امام شهر
742,17,251,قیر
743,17,251,کارزین (فتح آباد)
744,17,251,مبارک آباددیز
745,17,252,بالاده
746,17,252,خشت
747,17,252,قایمیه
748,17,252,کازرون
749,17,252,کنارتخته
750,17,252,نودان
751,17,253,کوار
752,17,254,گراش
753,17,255,اوز
754,17,255,بنارویه
755,17,255,بیرم
756,17,255,جویم
757,17,255,خور
758,17,255,عمادده
759,17,255,لار
760,17,255,لطیفی
761,17,256,اشکنان
762,17,256,اهل
763,17,256,علامرودشت
764,17,256,لامرد
765,17,257,خانیمن
766,17,257,رامجرد
767,17,257,سیدان
768,17,257,کامفیروز
769,17,257,مرودشت
770,17,258,بابامنیر
771,17,258,خومه زار
772,17,258,نورآباد
773,17,259,اسیر
774,17,259,خوزی
775,17,259,گله دار
776,17,259,مهر
777,17,259,وراوی
778,17,260,آباده طشک
779,17,260,قطرویه
780,17,260,مشکان
781,17,260,نی ریز
782,18,261,آبیک
783,18,261,خاکعلی
784,18,262,آبگرم
785,18,262,آوج
786,18,263,الوند
787,18,263,بیدستان
788,18,263,شریفیه
789,18,263,محمدیه
790,18,264,ارداق
791,18,264,بویین زهرا
792,18,264,دانسفهان
793,18,264,سگزآباد
794,18,264,شال
795,18,265,اسفرورین
796,18,265,تاکستان
797,18,265,خرمدشت
798,18,265,ضیاڈآباد
799,18,265,نرجه
800,18,266,اقبالیه
801,18,266,رازمیان
802,18,266,سیردان
803,18,266,قزوین
804,18,266,کوهین
805,18,266,محمودآبادنمونه
806,18,266,معلم کلایه
807,19,267,جعفریه
808,19,267,دستجرد
809,19,267,سلفچگان
810,19,267,قم
811,19,267,قنوات
812,19,267,کهک
813,20,268,آرمرده
814,20,268,بانه
815,20,268,بویین سفلی
816,20,268,کانی سور
817,20,269,بابارشانی
818,20,269,بیجار
819,20,269,پیرتاج
820,20,269,توپ آغاج
821,20,269,یاسوکند
822,20,270,بلبان آباد
823,20,270,دهگلان
824,20,271,دیواندره
825,20,271,زرینه
826,20,272,اورامان تخت
827,20,272,سروآباد
828,20,273,سقز
829,20,273,صاحب
830,20,274,سنندج
831,20,274,شویشه
832,20,275,دزج
833,20,275,دلبران
834,20,275,سریش آباد
835,20,275,قروه
836,20,276,کامیاران
837,20,276,موچش
838,20,277,برده رشه
839,20,277,چناره
840,20,277,کانی دینار
841,20,277,مریوان
842,21,278,ارزوییه
843,21,279,امین شهر
844,21,279,انار
845,21,280,بافت
846,21,280,بزنجان
847,21,281,بردسیر
848,21,281,دشتکار
849,21,281,گلزار
850,21,281,لاله زار
851,21,281,نگار
852,21,282,بروات
853,21,282,بم
854,21,283,بلوک
855,21,283,جبالبارز
856,21,283,جیرفت
857,21,283,درب بهشت
858,21,284,رابر
859,21,284,هنزا
860,21,285,راور
861,21,285,هجدک
862,21,286,بهرمان
863,21,286,رفسنجان
864,21,286,صفاییه
865,21,286,کشکوییه
866,21,286,مس سرچشمه
867,21,287,رودبار
868,21,287,زهکلوت
869,21,288,گنبکی
870,21,288,محمدآباد
871,21,289,خانوک
872,21,289,ریحان
873,21,289,زرند
874,21,289,یزدان شهر
875,21,290,بلورد
876,21,290,پاریز
877,21,290,خواجو شهر
878,21,290,زیدآباد
879,21,290,سیرجان
880,21,290,نجف شهر
881,21,290,هماشهر
882,21,291,جوزم
883,21,291,خاتون اباد
884,21,291,خورسند
885,21,291,دهج
886,21,291,شهربابک
887,21,292,دوساری
888,21,292,عنبرآباد
889,21,292,مردهک
890,21,293,فاریاب
891,21,294,فهرج
892,21,295,قلعه گنج
893,21,296,اختیارآباد
894,21,296,اندوهجرد
895,21,296,باغین
896,21,296,جوپار
897,21,296,چترود
898,21,296,راین
899,21,296,زنگی آباد
900,21,296,شهداد
901,21,296,کاظم آباد
902,21,296,کرمان
903,21,296,گلباف
904,21,296,ماهان
905,21,296,محی آباد
906,21,297,کوهبنان
907,21,297,کیانشهر
908,21,298,کهنوج
909,21,299,منوجان
910,21,299,نودژ
911,21,300,نرماشیر
912,21,300,نظام شهر
913,22,301,اسلام آبادغرب
914,22,301,حمیل
915,22,302,بانوره
916,22,302,باینگان
917,22,302,پاوه
918,22,302,نودشه
919,22,302,نوسود
920,22,303,ازگله
921,22,303,تازه آباد
922,22,304,جوانرود
923,22,305,ریجاب
924,22,305,کرند
925,22,305,گهواره
926,22,306,روانسر
927,22,306,شاهو
928,22,307,سرپل ذهاب
929,22,308,سطر
930,22,308,سنقر
931,22,309,صحنه
932,22,309,میان راهان
933,22,310,سومار
934,22,310,قصرشیرین
935,22,311,رباط
936,22,311,کرمانشاه
937,22,311,کوزران
938,22,311,هلشی
939,22,312,کنگاور
940,22,312,گودین
941,22,313,سرمست
942,22,313,گیلانغرب
943,22,314,بیستون
944,22,314,هرسین
945,23,315,باشت
946,23,316,چیتاب
947,23,316,گراب سفلی
948,23,316,مادوان
949,23,316,مارگون
950,23,316,یاسوج
951,23,317,لیکک
952,23,318,چرام
953,23,318,سرفاریاب
954,23,319,پاتاوه
955,23,319,سی سخت
956,23,320,دهدشت
957,23,320,دیشموک
958,23,320,سوق
959,23,320,قلعه رییسی
960,23,321,دوگنبدان
961,23,322,لنده
962,24,323,آزادشهر
963,24,323,نگین شهر
964,24,323,نوده خاندوز
965,24,324,آق قلا
966,24,324,انبارآلوم
967,24,325,بندرگز
968,24,325,نوکنده
969,24,326,بندرترکمن
970,24,327,تاتارعلیا
971,24,327,خان ببین
972,24,327,دلند
973,24,327,رامیان
974,24,328,سنگدوین
975,24,328,علی اباد
976,24,328,فاضل آباد
977,24,328,مزرعه
978,24,329,کردکوی
979,24,330,فراغی
980,24,330,کلاله
981,24,331,گالیکش
982,24,332,جلین
983,24,332,سرخنکلاته
984,24,332,گرگان
985,24,333,سیمین شهر
986,24,333,گمیش تپه
987,24,334,اینچه برون
988,24,334,گنبدکاووس
989,24,335,مراوه
990,24,336,مینودشت
991,25,337,آستارا
992,25,337,لوندویل
993,25,338,آستانه اشرفیه
994,25,338,کیاشهر
995,25,339,املش
996,25,339,رانکوه
997,25,340,بندرانزلی
998,25,341,خشکبیجار
999,25,341,خمام
1000,25,341,رشت
1001,25,341,سنگر
1002,25,341,کوچصفهان
1003,25,341,لشت نشاء
1004,25,341,لولمان
1005,25,342,پره سر
1006,25,342,رضوانشهر
1007,25,343,بره سر
1008,25,343,توتکابن
1009,25,343,جیرنده
1010,25,343,رستم آباد
1011,25,343,رودبار
1012,25,343,لوشان
1013,25,343,منجیل
1014,25,344,چابکسر
1015,25,344,رحیم آباد
1016,25,344,رودسر
1017,25,344,کلاچای
1018,25,344,واجارگاه
1019,25,345,دیلمان
1020,25,345,سیاهکل
1021,25,346,احمدسرگوراب
1022,25,346,شفت
1023,25,347,صومعه سرا
1024,25,347,گوراب زرمیخ
1025,25,347,مرجقل
1026,25,348,اسالم
1027,25,348,چوبر
1028,25,348,حویق
1029,25,348,لیسار
1030,25,348,هشتپر (تالش)
1031,25,349,فومن
1032,25,349,ماسوله
1033,25,349,ماکلوان
1034,25,350,رودبنه
1035,25,350,لاهیجان
1036,25,351,اطاقور
1037,25,351,چاف و چمخاله
1038,25,351,شلمان
1039,25,351,کومله
1040,25,351,لنگرود
1041,25,352,بازار جمعه
1042,25,352,ماسال
1043,26,353,ازنا
1044,26,353,مومن آباد
1045,26,354,الیگودرز
1046,26,354,شول آباد
1047,26,355,اشترینان
1048,26,355,بروجرد
1049,26,356,پلدختر
1050,26,356,معمولان
1051,26,357,بیران شهر
1052,26,357,خرم آباد
1053,26,357,زاغه
1054,26,357,سپیددشت
1055,26,358,نورآباد
1056,26,358,هفت چشمه
1057,26,359,چالانچولان
1058,26,359,دورود
1059,26,360,سراب دوره
1060,26,360,ویسیان
1061,26,361,چقابل
1062,26,362,الشتر
1063,26,362,فیروزآباد
1064,26,363,درب گنبد
1065,26,363,کوهدشت
1066,26,363,کوهنانی
1067,26,363,گراب
1068,27,364,آمل
1069,27,364,امامزاده عبدالله
1070,27,364,دابودشت
1071,27,364,رینه
1072,27,364,گزنک
1073,27,365,امیرکلا
1074,27,365,بابل
1075,27,365,خوش رودپی
1076,27,365,زرگرمحله
1077,27,365,گتاب
1078,27,365,گلوگاه
1079,27,365,مرزیکلا
1080,27,366,بابلسر
1081,27,366,بهنمیر
1082,27,366,هادی شهر
1083,27,367,بهشهر
1084,27,367,خلیل شهر
1085,27,367,رستمکلا
1086,27,368,تنکابن
1087,27,368,خرم آباد
1088,27,368,شیرود
1089,27,368,نشتارود
1090,27,369,جویبار
1091,27,369,کوهی خیل
1092,27,370,چالوس
1093,27,370,مرزن آباد
1094,27,370,هچیرود
1095,27,371,رامسر
1096,27,371,کتالم وسادات شهر
1097,27,372,پایین هولار
1098,27,372,ساری
1099,27,372,فریم
1100,27,372,کیاسر
1101,27,373,آلاشت
1102,27,373,پل سفید
1103,27,373,زیرآب
1104,27,374,شیرگاه
1105,27,375,کیاکلا
1106,27,376,سلمان شهر
1107,27,376,عباس اباد
1108,27,376,کلارآباد
1109,27,377,فریدونکنار
1110,27,378,ارطه
1111,27,378,قایم شهر
1112,27,379,کلاردشت
1113,27,380,گلوگاه
1114,27,381,سرخرود
1115,27,381,محمودآباد
1116,27,382,سورک
1117,27,383,نکا
1118,27,384,ایزدشهر
1119,27,384,بلده
1120,27,384,چمستان
1121,27,384,رویان
1122,27,384,نور
1123,27,385,پول
1124,27,385,کجور
1125,27,385,نوشهر
1126,28,386,آشتیان
1127,28,387,اراک
1128,28,387,داودآباد
1129,28,387,ساروق
1130,28,387,کارچان
1131,28,388,تفرش
1132,28,389,خمین
1133,28,389,قورچی باشی
1134,28,390,جاورسیان
1135,28,390,خنداب
1136,28,391,دلیجان
1137,28,391,نراق
1138,28,392,پرندک
1139,28,392,خشکرود
1140,28,392,رازقان
1141,28,392,زاویه
1142,28,392,مامونیه
1143,28,393,آوه
1144,28,393,ساوه
1145,28,393,غرق آباد
1146,28,393,نوبران
1147,28,394,آستانه
1148,28,394,توره
1149,28,394,شازند
1150,28,394,شهباز
1151,28,394,مهاجران
1152,28,394,هندودر
1153,28,395,خنجین
1154,28,395,فرمهین
1155,28,396,کمیجان
1156,28,396,میلاجرد
1157,28,397,محلات
1158,28,397,نیمور
1159,29,398,ابوموسی
1160,29,399,بستک
1161,29,399,جناح
1162,29,400,سردشت
1163,29,400,گوهران
1164,29,401,بندرعباس
1165,29,401,تازیان پایین
1166,29,401,تخت
1167,29,401,فین
1168,29,401,قلعه قاضی
1169,29,402,بندرلنگه
1170,29,402,چارک
1171,29,402,کنگ
1172,29,402,کیش
1173,29,402,لمزان
1174,29,403,پارسیان
1175,29,403,دشتی
1176,29,403,کوشکنار
1177,29,404,بندرجاسک
1178,29,405,حاجی اباد
1179,29,405,سرگز
1180,29,405,فارغان
1181,29,406,خمیر
1182,29,406,رویدر
1183,29,407,بیکاء
1184,29,407,دهبارز
1185,29,407,زیارتعلی
1186,29,408,سیریک
1187,29,408,کوهستک
1188,29,408,گروک
1189,29,409,درگهان
1190,29,409,سوزا
1191,29,409,قشم
1192,29,409,هرمز
1193,29,410,تیرور
1194,29,410,سندرک
1195,29,410,میناب
1196,29,410,هشتبندی
1197,30,411,آجین
1198,30,411,اسدآباد
1199,30,412,بهار
1200,30,412,صالح آباد
1201,30,412,لالجین
1202,30,412,مهاجران
1203,30,413,تویسرکان
1204,30,413,سرکان
1205,30,413,فرسفج
1206,30,414,دمق
1207,30,414,رزن
1208,30,414,قروه درجزین
1209,30,415,فامنین
1210,30,416,شیرین سو
1211,30,416,کبودرآهنگ
1212,30,416,گل تپه
1213,30,417,ازندریان
1214,30,417,جوکار
1215,30,417,زنگنه
1216,30,417,سامن
1217,30,417,ملایر
1218,30,418,برزول
1219,30,418,فیروزان
1220,30,418,گیان
1221,30,418,نهاوند
1222,30,419,جورقان
1223,30,419,قهاوند
1224,30,419,مریانج
1225,30,419,همدان
1226,31,420,ابرکوه
1227,31,420,مهردشت
1228,31,421,احمدآباد
1229,31,421,اردکان
1230,31,421,عقدا
1231,31,422,اشکذر
1232,31,422,خضرآباد
1233,31,423,بافق
1234,31,424,بهاباد
1235,31,425,تفت
1236,31,425,نیر
1237,31,426,مروست
1238,31,426,هرات
1239,31,427,مهریز
1240,31,428,بفروییه
1241,31,428,میبد
1242,31,428,ندوشن
1243,31,429,حمیدیا
1244,31,429,زارچ
1245,31,429,شاهدیه
1246,31,429,یزد
